{
	"body":
	{
		"type": "m_tal_nrw"
	},
	"face":
	{
		"freckles":
		{
			"option": "None",
			"density": 0.5,
			"saturation": 0.5,
			"strength": 0.5,
			"toneShift": 0.5
		},
		"accents":
		{
			"scalp":
			{
				"redness": 0,
				"saturation": 0,
				"lightness": 0
			},
			"forehead":
			{
				"redness": 0,
				"saturation": 0,
				"lightness": 0
			},
			"nose":
			{
				"redness": 0,
				"saturation": 0,
				"lightness": 0
			},
			"underEye":
			{
				"redness": 0,
				"saturation": 0,
				"lightness": 0
			},
			"cheeks":
			{
				"redness": 0,
				"saturation": 0,
				"lightness": 0
			},
			"lips":
			{
				"redness": 0,
				"saturation": -0.47075605392456055,
				"lightness": 0
			},
			"chin":
			{
				"redness": 0,
				"saturation": 0,
				"lightness": 0
			},
			"ears":
			{
				"redness": 0,
				"saturation": 0,
				"lightness": 0
			}
		},
		"leftEye":
		{
			"iris":
			{
				"option": "003",
				"color1UI":
				{
					"x": 0.99401199817657471,
					"y": 0
				},
				"color1":
				{
					"r": 0.02518685907125473,
					"g": 0.015996292233467102,
					"b": 0.0097212167456746101,
					"a": 1
				},
				"color2UI":
				{
					"x": 0.75748502994011979,
					"y": 0.21333333333333335
				},
				"color2":
				{
					"r": 0.054480277001857758,
					"g": 0.030713442713022232,
					"b": 0.013702082447707653,
					"a": 1
				},
				"bUseRadialBlend": false,
				"colorBalance": 0.54000002145767212,
				"colorBalanceSmoothness": 0.37999999523162842,
				"size": 0.5,
				"saturation": 0.56000000238418579,
				"limbusDarkAmount": 0.5
			},
			"sclera":
			{
				"tintUI":
				{
					"x": 0.43263465166091919,
					"y": 0.4866664707660675
				},
				"tint":
				{
					"r": 0.97344529628753662,
					"g": 0.90466117858886719,
					"b": 0.85499262809753418,
					"a": 1
				},
				"brightness": 0.72805851697921753,
				"rotation": 0,
				"vascularity": 0.57047867774963379,
				"veinsRotation": 0
			}
		},
		"rightEye":
		{
			"iris":
			{
				"option": "005",
				"color1UI":
				{
					"x": 0.99401199817657471,
					"y": 0
				},
				"color1":
				{
					"r": 0.02518685907125473,
					"g": 0.015996292233467102,
					"b": 0.0097212167456746101,
					"a": 1
				},
				"color2UI":
				{
					"x": 0.75748502994011979,
					"y": 0.21333333333333335
				},
				"color2":
				{
					"r": 0.054480277001857758,
					"g": 0.030713442713022232,
					"b": 0.013702082447707653,
					"a": 1
				},
				"bUseRadialBlend": false,
				"colorBalance": 0.54000002145767212,
				"colorBalanceSmoothness": 0.37999999523162842,
				"size": 0.5,
				"saturation": 0.56000000238418579,
				"limbusDarkAmount": 0.5
			},
			"sclera":
			{
				"tintUI":
				{
					"x": 0.43263465166091919,
					"y": 0.4866664707660675
				},
				"tint":
				{
					"r": 0.97344529628753662,
					"g": 0.90466117858886719,
					"b": 0.85499262809753418,
					"a": 1
				},
				"brightness": 0.72805851697921753,
				"rotation": 0,
				"vascularity": 0.57047867774963379,
				"veinsRotation": 0
			}
		},
		"teeth":
		{
			"teethColorUI":
			{
				"x": 0.34999999403953552,
				"y": 0.34999999403953552
			},
			"teethColor":
			{
				"r": 0.67954248189926147,
				"g": 0.52099555730819702,
				"b": 0.33716362714767456,
				"a": 1
			},
			"gumColorUI":
			{
				"x": 0.34999999403953552,
				"y": 0.34999999403953552
			},
			"gumColor":
			{
				"r": 0.39157247543334961,
				"g": 0.078187420964241028,
				"b": 0.064803265035152435,
				"a": 1
			},
			"plaqueColorUI":
			{
				"x": 0.34999999403953552,
				"y": 0.34999999403953552
			},
			"plaqueColor":
			{
				"r": 0.60382735729217529,
				"g": 0.41788506507873535,
				"b": 0.11443537473678589,
				"a": 1
			},
			"plaqueAmount": 0.11999999731779099
		},
		"makeup":
		{
			"foundation":
			{
				"bApplyFoundation": false,
				"color":
				{
					"r": 0.51491802930831909,
					"g": 0.2158609926700592,
					"b": 0.13843199610710144,
					"a": 1
				},
				"intensity": 0.5,
				"roughness": 0.25,
				"concealer": 0
			},
			"eyes":
			{
				"option": "None",
				"primaryColor":
				{
					"r": 0.1020829975605011,
					"g": 0.17411699891090393,
					"b": 0.25,
					"a": 1
				},
				"secondaryColor":
				{
					"r": 0,
					"g": 0,
					"b": 0,
					"a": 1
				},
				"roughness": 0.5,
				"transparency": 0,
				"metalness": 0
			},
			"blusher":
			{
				"option": "None",
				"color":
				{
					"r": 0.34509798884391785,
					"g": 0,
					"b": 0,
					"a": 1
				},
				"intensity": 0.40000000596046448,
				"roughness": 0.25
			},
			"lips":
			{
				"option": "None",
				"color":
				{
					"r": 0.25520798563957214,
					"g": 0.010634000413119793,
					"b": 0.022097999230027199,
					"a": 1
				},
				"roughness": 0.5,
				"transparency": 0
			}
		}
	},
	"textureSynthesis":
	{
		"bSkinUnlocked": true,
		"lowFrequency": 0.019946807995438576,
		"highFrequency": 0,
		"contrast": 0.5,
		"skinToneUI":
		{
			"x": 0.40568852424621582,
			"y": 0.30499988794326782
		},
		"skinTone":
		{
			"r": 0.50288647413253784,
			"g": 0.20863686501979828,
			"b": 0.13563333451747894,
			"a": 1
		}
	},
	"grooms":
	{
		"hair":
		{
			"option": "ShortPixie",
			"length": 1,
			"bUseCustomProperties": true,
			"melaninAndRedness":
			{
				"x": 0.82747644186019897,
				"y": 0.062210358679294586
			},
			"roughness": 0.48138296604156494,
			"whiteness": 0,
			"lightness": 0.5,
			"presetOption": "None",
			"bUseDyeColor": false,
			"dyeColor":
			{
				"r": 0.32156899571418762,
				"g": 0,
				"b": 0.69019597768783569,
				"a": 1
			},
			"bUseRegions": false,
			"regionsUV":
			{
				"x": 0.28189998865127563,
				"y": 0.25
			},
			"bUseRegionsColor": false,
			"regionsColor":
			{
				"r": 1,
				"g": 1,
				"b": 1,
				"a": 1
			},
			"regionsPresetOption": "None",
			"bUseOmbre": false,
			"ombreUV":
			{
				"x": 0.28189998865127563,
				"y": 0.25
			},
			"bUseOmbreColor": false,
			"ombreColor":
			{
				"r": 1,
				"g": 1,
				"b": 1,
				"a": 1
			},
			"ombreShift": 0.5,
			"ombreContrast": 0,
			"ombreIntensity": 1,
			"ombrePresetOption": "None",
			"bUseHighlights": false,
			"highlightsUV":
			{
				"x": 0.28189998865127563,
				"y": 0.25
			},
			"bUseHighlightsColor": false,
			"highlightsColor":
			{
				"r": 1,
				"g": 1,
				"b": 1,
				"a": 1
			},
			"highlightsBlending": 0.5,
			"highlightsIntensity": 0.5,
			"highlightsVariation": 0,
			"highlightsPresetOption": "None",
			"eyebrowsShading": 1,
			"eyebrowsMicroblading": 1,
			"bUseMaskModulation": false,
			"maskModulationOption": "None"
		},
		"eyebrows":
		{
			"option": "EyebrowsMediumUnruly",
			"length": 1,
			"bUseCustomProperties": true,
			"melaninAndRedness":
			{
				"x": 1,
				"y": 0.44379886984825134
			},
			"roughness": 0.25,
			"whiteness": 0,
			"lightness": 0.5,
			"presetOption": "None",
			"bUseDyeColor": false,
			"dyeColor":
			{
				"r": 0.32156899571418762,
				"g": 0,
				"b": 0.69019597768783569,
				"a": 1
			},
			"bUseRegions": false,
			"regionsUV":
			{
				"x": 0.28189998865127563,
				"y": 0.25
			},
			"bUseRegionsColor": false,
			"regionsColor":
			{
				"r": 1,
				"g": 1,
				"b": 1,
				"a": 1
			},
			"regionsPresetOption": "None",
			"bUseOmbre": false,
			"ombreUV":
			{
				"x": 0.28189998865127563,
				"y": 0.25
			},
			"bUseOmbreColor": false,
			"ombreColor":
			{
				"r": 1,
				"g": 1,
				"b": 1,
				"a": 1
			},
			"ombreShift": 0.5,
			"ombreContrast": 0,
			"ombreIntensity": 1,
			"ombrePresetOption": "None",
			"bUseHighlights": false,
			"highlightsUV":
			{
				"x": 0.28189998865127563,
				"y": 0.25
			},
			"bUseHighlightsColor": false,
			"highlightsColor":
			{
				"r": 1,
				"g": 1,
				"b": 1,
				"a": 1
			},
			"highlightsBlending": 0.5,
			"highlightsIntensity": 0.5,
			"highlightsVariation": 0,
			"highlightsPresetOption": "None",
			"eyebrowsShading": 1,
			"eyebrowsMicroblading": 1,
			"bUseMaskModulation": false,
			"maskModulationOption": "None"
		},
		"eyelashes":
		{
			"option": "ShortFine",
			"length": 1,
			"bUseCustomProperties": false,